,0,Longitude,Latitude
0,Miskolc,20.7900429,48.1030643
1,Budapest,19.0403594,47.4979937
2,Kecskemét,19.6928069,46.9080791
3,Debrecen,21.6259782,47.531399
4,Eger,20.3743665,47.8989887
5,Celldömölk,17.1521883,47.2579643
6,Szolnok,20.1946279,47.1753833
7,Szombathely,16.6187625,47.2291184
8,Szeged,20.1486016,46.2546312
9,Baja,-41.9294776,-12.285251
10,Mosonmagyaróvár,17.2722342,47.8731793
11,Zalaegerszeg,16.8456316,46.8415803
12,Kõszeg,16.5406843,47.3894949
13,Gyõr,17.6346815,47.687609
14,Bonyhád,18.532191,46.2984212
15,Nyíregyháza,21.7167982,47.9557802
16,Körmend,16.6010475,47.0126655
17,Pécs,18.2280397,46.0765883
18,Nitra,18.0894593,48.31295
19,Keszthely,17.2462801,46.7675081
20,Békéscsaba,21.0985425,46.6798003
21,Saarbrücken,6.996379,49.234362
22,Orosháza,20.6693477,46.5603339
23,Hódmezõvásárhely,20.3196068,46.4171344
24,Bruxelles,4.351697,50.8465573
25,Hajdúböszörmény,21.5078944,47.6716617
26,München,11.5753822,48.1371079
27,Szekszárd,18.701663,46.3484884
28,Siófok,18.0541598,46.9071694
29,Csorvás,20.8336244,46.6304122
30,Székesfehérvár,18.410811,47.1910169
31,Tiszaújváros,21.0467056,47.9280341
32,Tatabánya,18.3980308,47.5837788
33,Komárom,18.1218256,47.7417349
34,Dombóvár,18.1332865,46.3778989
35,Csoma,18.0509268,46.3726866
36,Balatonberény,17.3193203,46.710836
37,Veszprém,17.9080406,47.0933824
38,Budaörs,18.9541818,47.4600185
39,Balassagyarmat,19.2926037,48.0768832
40,Érd,18.9213833,47.3772495
41,Kapospula,18.0973454,46.3757221
42,Wien,16.3725042,48.2083537
43,Berlin,13.3888599,52.5170365
44,Szentes,20.2566408,46.6524049
45,Salgótarján,19.8005642,48.0960676
46,Veresegyház,19.2868815,47.655235
47,Kisvárda,22.0784247,48.2257593
48,Galway,-9.0490601,53.2744122
49,Szigetszentmiklós,19.0409037,47.345765
50,Makó,20.4751022,46.2150438
51,Kaposvár,17.7886886,46.3564692
52,Sátoraljaújhely,21.6561497,48.3960978
53,Jánoshida,20.0565734,47.3839188
54,Tiszafüred,20.7502258,47.6130877
55,Cluj-Napoca,23.5899542,46.769379
56,Jászberény,19.9117887,47.5030505
57,Sajószentpéter,20.7087764,48.2183544
58,Sopron,16.5983457,47.6803063
59,Balatonalmádi,18.0155756,47.030277
60,Satu Mare,22.8725598,47.7891763
61,Zamárdi,17.9459459,46.880099
62,Mönchengladbach,6.4353641,51.1946983
63,Tapolca,17.4389619,46.8820972
64,Tokaj,21.4113895,48.1235534
65,Balatonkeresztúr,17.3703877,46.6976597
66,Gödöllõ,19.3476981,47.601529
67,Amsterdam,4.8936041,52.3727598
68,Gyula,21.2747575,46.6438656
69,Edelény,20.7340134,48.293613
70,Balatonszentgyörgy,17.2999871,46.6921957
71,Kazincbarcika,20.6223251,48.2544414
72,London,-0.1276474,51.5073219
73,Gyöngyös,19.9291176,47.7799838
74,Tihany,17.8917574,46.9122292
75,Balatonfüred,17.888892,46.9567254
76,Sárospatak,21.5655524,48.3216823
77,Sümeg,17.2811657,46.9784329
78,Szigethalom,19.0001884,47.3245067
79,Balatonudvari,17.8048202,46.9054215
80,Balatonkenese,18.1079681,47.0349778
81,Karlsruhe,8.4034195,49.0068705
82,Kistelek,19.9812009,46.4704606
83,DEbrecen,21.6259782,47.531399
84,Kapolcs,17.6089272,46.9559035
85,Dunaújváros,18.9393976,46.9669545
86,Szikszó,20.9275021,48.2015243
87,Venezia,12.3345898,45.4371908
88,Tarcal,21.3455658,48.1298284
89,Ludwigshafen,8.4381568,49.4704113
90,Nagykanizsa,16.9923923,46.4548261
91,Megyaszó,21.0541885,48.1873814
92,Den Haag,4.3113461,52.0799838
93,Paks,18.8589364,46.6229468
94,Nürnberg,11.077298,49.453872
95,Sásd,18.1065598,46.2559563
96,Pula,13.8455311,44.8702281
97,Harkány,18.2359978,45.8477907
98,Szarvas,20.5521466,46.8621434
99,BUDAPEST,19.0403594,47.4979937
100,Baktalórántháza,22.0793592,47.9994207
101,Balmazújváros,21.3437378,47.6116279
102,Marcali,17.4123002,46.5833484
103,Zengõvárkony,18.4318126,46.1706183
104,Hévíz,17.1834489,46.7906038
105,siófok,18.0541598,46.9071694
106,Onga,20.9129384,48.1207157
107,Kapuvár,17.0274744,47.5936871
108,budapest,19.0403594,47.4979937
109,Stuttgart,9.1800132,48.7784485
110,Knittelfeld,14.8297233,47.2147399
111,Köln,6.959974,50.938361
112,Kiskunhalas,19.4833076,46.4278497
113,Újfehértó,21.6829931,47.8008977
114,Bielefeld,8.531007,52.0191005
115,Agárd,22.0689609,48.3625237
116,Dunaföldvár,18.9222921,46.810432
117,Mór,-99.0,18.75
118,Venlo,6.1511724144122955,51.39244885
119,Frankfurt am Main,8.6820917,50.1106444
120,Mohács,18.6821079,45.9933836
121,Pécsvárad,18.4206938,46.1608411
122,Békés,20.9820736,46.7862993
123,Kassel,9.4924096,51.3154546
124,Regensburg,12.0974869,49.0195333
125,Mátészalka,22.3208477,47.9539113
126,Vásárosnamény,22.312647,48.1267635
127,Würzburg,9.932966,49.79245
128,Füzesabony,20.4142673,47.7485389
129,Kõvágóörs,17.6016096,46.8490382
130,Bük,16.753305,47.3833959
131,Fertõd,16.8645834,47.6216348
132,Kisújszállás,20.7546669,47.2162053
133,MISKOLC,20.7900429,48.1030643
134,Balatonakarattya,18.1439403,47.0239663
135,Enschede,6.8940537,52.2209855
136,Graz,15.4382786,47.0708678
137,Dunakiliti,17.2882323,47.9662482
138,Pánd,19.6327453,47.3507322
139,Mezõkövesd,20.5660889,47.8097525
140,Bratislava,17.1093063,48.1516988
141,Mezõberény,21.0290937,46.8240312
142,Polgár,21.1141032,47.8707939
143,Csorna,17.2497955,47.6134153
144,Bóly,18.5161494,45.9692795
145,Villány,18.4555208,45.8697644
146,Balatonfenyves,17.4945314,46.7176727
147,Traun,14.2368078,48.2214369
148,Subotica,19.6653273,46.1002058
149,szeged,20.1486016,46.2546312
150,Fonyód,17.54946,46.7467521
151,Eindhoven,5.478633,51.4392648
152,Orfû,18.1551995,46.1380554
153,Linz,14.286198,48.3059078
154,Zemplín,21.8115807,48.4394356
155,Sényõ,21.8785276,48.0027718
156,Tiszavasvári,21.3680532,47.956619
157,Balatonmáriafürdõ,17.4074991,46.7015468
158,Balatonszárszó,17.8341937,46.8262918
159,Tótkomlós,20.7366044,46.4115096
160,Szõdliget,19.1473194,47.7299732
161,Gyarmat,17.4887773,47.4634405
162,Zadar,15.2353257,44.1168594
163,Legyesbénye,21.1495954,48.1602248
164,Pápa,17.4705293,47.3261087
165,Kalocsa,18.9825043,46.5230265
166,Alsóörs,17.9770715,46.9882663
167,Mannheim,8.4673098,49.4892913
168,Vác,19.1278294,47.7782873
169,Révfülöp,17.6303514,46.828315
170,Gerenyes,18.1849249,46.3054281
171,Markt Piesting,16.1289999,47.8733551
172,Budakeszi,18.929382,47.5099444
173,köln,6.959974,50.938361
174,Balatonlelle,17.6965209,46.7867617
175,Ulm,9.9934336,48.3974003
176,Bar,7.4492808,48.4088704
177,Split,16.4399659,43.5116383
178,Praid,25.1245222,46.5529119
179,Katowice,19.0215852,50.2598987
180,Szigetvár,17.7993511,46.0474395
181,Warrington,-2.5943178,53.3899497
182,Verona,10.9924122,45.4384958
183,Erfurt,11.0287364,50.9777974
184,Pag,14.946185318960357,44.4966129
185,Hajdúnánás,21.4279002,47.8452241
186,Nagykálló,21.8434965,47.874296
187,Maglód,19.3593136,47.4449622
188,Sfântu Gheorghe,25.7865367,45.8659935
189,Krá¾ovský Chlmec,,
190,Hegyeshalom,17.1558011,47.9144882
191,Dresden,13.7381437,51.0493286
192,Nagyecsed,22.3870647,47.8626738
193,Nyergesújfalu,18.5543675,47.7607076
194,Târgu Mure?,,
195,Firenze,11.2555757,43.7698712
196,Oradea,21.927919041661156,47.058715
197,Esztergom,18.7403349,47.7856977
198,debrecen,21.6259782,47.531399
199,Rotterdam,4.47775,51.9244424
200,Pilisvörösvár,18.9115754,47.6210817
201,Zsámbék,18.7174344,47.5483115
202,Heilbronn,9.218655,49.142291
203,Salzburg,13.0464806,47.7981346
204,Praha,14.4212535,50.0874654
205,Dunakeszi,19.1294055,47.6316697
206,Barabás,22.4307276,48.2303469
207,Lenti,16.5366668,46.6245749
208,Innsbruck,11.3927685,47.2654296
209,Dârjiu,25.1988858,46.2007316
210,Wildermieming,11.018012289678232,47.3506895
211,Röszke,20.0354983,46.1872427
212,Nyírbátor,22.1322309,47.839511
213,Bakonycsernye,18.085004,47.3194796
214,Nördlingen,10.4885873,48.8516578
215,Wiener Neustadt,16.233260479538174,47.80708635
216,miskolc,20.7900429,48.1030643
217,kecskemét,19.6928069,46.9080791
218,Antwerpen,4.3997081,51.2211097
219,Darmstadt,8.6736295,49.8851869
220,Castrop-Rauxel,7.3106175,51.5646195
221,baja,-41.9294776,-12.285251
222,Szentborbás,17.6596185,45.8754578
223,Rétság,19.1375901,47.9303241
224,nyíregyháza,21.7167982,47.9557802
225,Kiskunfélegyháza,19.8502905,46.7113263
226,Békésszentandrás,20.4851283,46.8717052
227,PÉCS,18.2280397,46.0765883
228,Selzthal,14.314379,47.5495159
229,Cegléd,19.7977516,47.1716447
230,Velence,12.3345898,45.4371908
231,Biatorbágy,18.8232855,47.4739442
232,Hernádnémeti,20.9770518,48.0711901
233,Oroszlány,18.3148401,47.4897011
234,hajdúböszörmény,21.5078944,47.6716617
235,Somogyhárságy,17.7732826,46.1603111
236,Val di sole,10.8266479,46.3174381
237,Rosenheim,12.127262,47.8539273
238,Dortmund,7.4652789,51.5142273
239,Mátrafüred,19.9694069,47.8304202
240,Mainz,8.2762513,50.0012314
241,Diósd,18.9448604,47.406256
242,Zala,16.8894692,46.6713343
243,bUDAPEST,19.0403594,47.4979937
244,Szegvár,20.221903,46.5851274
245,Korneuburg,16.3334321,48.3440605
246,Szilvásvárad,20.3871297,48.1033386
247,Passau,13.4609744,48.5748229
248,mohács,18.6821079,45.9933836
249,Üllõ,19.3453263,47.3850605
250,Monostorapáti,17.555335,46.9248966
251,Tata,18.3181275,47.6500863
252,Hamburg,10.000654,53.550341
253,Fehérgyarmat,22.5167524,47.9850963
254,szekszárd,18.701663,46.3484884
255,Hatvan,19.6743874,47.6683971
256,Baracska,18.7575803,47.2857906
257,Kufstein,12.1692134,47.582996
258,Harta,19.0277119,46.6947199
259,Balatonvilágos,18.159314,46.9641731
260,GRAZ,15.4382786,47.0708678
261,Villach,13.8500268,46.6167284
262,Pöchlarn,15.2120099,48.2119885
263,Nagyatád,17.3570964,46.229143
264,Wels,-3.73893,52.2928116
265,szombathely,16.6187625,47.2291184
266,Barcs,17.4634342,45.9605366
267,pécs,18.2280397,46.0765883
268,Berettyóújfalu,21.5355206,47.2247273
269,szolnok,20.1946279,47.1753833
270,Sárvár,16.9342165,47.2517426
271,Solt,19.0046438,46.8022565
272,Komló,18.2613778,46.1911673
273,Zell am see,12.7963165,47.3239636
274,Mád,21.2742214,48.1918518
275,Balatonboglár,17.6553331,46.7785372
276,Leoben,15.0947756,47.3805128
277,Kulcs,18.9163165,47.0529379
278,Ansbach,10.5722288,49.3028611
279,Luzern,8.3054682,47.0505452
280,Gyöngyöstarján,19.8668338,47.8117356
281,Eching,11.6167,48.3
282,Vasvár,16.7998821,47.0490649
283,Öcsöd,20.3897025,46.9012341
284,Nagybánhegyes,20.9017461,46.4591053
285,Karcag,20.9240941,47.314646
286,Szendrõ,20.9271115,44.6651048
287,Szentendre,19.0760467,47.6677606
288,münchen,11.5753822,48.1371079
289,Iklad,19.4433911,47.6593942
290,Abádszalók,20.5997748,47.4760139
291,Ljubljana,14.5069289,46.0500268
292,SZEGED,20.1486016,46.2546312
293,Görbeháza,21.2379579,47.8188298
294,Genf,6.1466014,46.2017559
295,Dévaványa,20.9620971,47.0313464
296,Odorheiu Secuiesc,25.2950261,46.3047462
297,Hajdúszoboszló,21.3902995,47.4431291
298,Hajdúdorog,21.5006846,47.8157169
299,Várpalota,18.138157,47.198695
300,Niederstotzingen,10.2332512,48.5408791
301,Gent,3.7250121,51.0538286
302,Sankt Pölten,15.6229118,48.2043985
303,Lajosmizse,19.5582644,47.0264714
304,Leipzig,12.3747329,51.3406321
305,Ároktõ,20.9434075,47.7281663
306,stuttgart,9.1800132,48.7784485
307,Bruchsal,8.5980244,49.124118
308,Fi¾akovo,,
309,Létavértes,21.8764089,47.3853112
310,Galgahévíz,19.5558378,47.6222577
311,Rijeka,14.442208,45.3267976
312,Ingolstadt,11.4250395,48.7630165
313,Csenger,22.6794652,47.8363678
314,Balatonszemes,17.7789908,46.806042
315,Ózd,20.2954986,48.2196425
316,Pforzheim,8.7029532,48.8908846
317,Martfû,20.2813933,47.0186153
318,nürnberg,11.077298,49.453872
319,Rovinj,13.6417282,45.0807411
320,Záhony,22.1787677,48.4029055
321,Szántód,17.9045327,46.8693827
322,Szerencs,21.2010881,48.1633851
323,Badacsony,17.4961749,46.8032917
324,Balatonföldvár,17.8792403,46.8491197
325,Kiskunlacháza,19.00569,47.1903391
326,Mezõcsát,20.903168,47.8175357
327,Hidas,18.4965098,46.2584081
328,Zürich,8.5410422,47.3744489
329,Csopak,17.9289807,46.9734764
330,Balatonederics,17.3813106,46.8091396
331,Aszód,19.4747432,47.6532732
332,Balatongyörök,17.3504857,46.7616172
333,Bristol,-2.5972985,51.4538022
334,Badacsonyörs,17.5355361,46.8046616
335,Berhida,18.1339369,47.1109931
336,WIENER NEUSTADT,16.233260479538174,47.80708635
337,Gárdony,18.6261978,47.2028062
338,Rakamaz,21.4775144,48.12218
339,Fót,19.1980105,47.6125871
340,Dömsöd,19.0070461,47.094771
341,Milano,9.1896346,45.4641943
342,BUdapest,19.0403594,47.4979937
343,Gyõrújbarát,17.6365733,47.6133844
344,Paris,2.3200410217200766,48.8588897
345,Bor?,12.7753178,49.7113567
346,Arnhem,5.9108573,51.984257
347,Halászi,17.3293251,47.8909561
348,Genova,8.9338624,44.40726
349,Szentgotthárd,16.2748541,46.9528507
350,Balatonfûzfõ,18.0409677,47.0620043
351,Nagyharsány,18.3998265,45.847418
352,Halásztelek,18.9811444,47.363105
353,Lábatlan,18.5015732,47.7450853
354,Schwäbisch Hall,9.7369047,49.1123963
355,Trieste,13.7772781,45.6496485
356,székesfehérvár,18.410811,47.1910169
357,Steyr,14.4191276,48.0390046
358,Õcsény,18.7589115,46.3118597
359,Grieskirchen,13.826192,48.235011
360,Düsseldorf,6.7763137,51.2254018
361,Bretten,7.0684157,47.7013731
362,Göd,19.1341568,47.6834336
363,Athén,23.7283052,37.9839412
364,Beregsurány,22.5480971,48.1615571
365,Balatonakali,17.7526787,46.8836584
366,Bodajk,18.233096,47.3227042
367,Törökbálint,18.9130312,47.4349579
368,Szeghalom,21.1693932,47.0213485
369,Târnãveni,24.2804126,46.3295278
370,Basel,7.5878261,47.5581077
371,Téglás,21.6746328,47.7156887
372,Kápolnásnyék,18.6722759,47.237503
373,Varna,27.9166653,43.2073873
374,BONYHÁD,18.532191,46.2984212
375,Badacsonytomaj,17.514693,46.8057988
376,Pilisjászfalu,18.7935633,47.6541958
377,Érsekvadkert,19.1989343,47.9960713
378,Mezõtúr,20.6299513,47.0004724
379,Dachau,11.4354419,48.2592477
380,Tiel,5.430438174137935,51.892425349999996
381,Jászfényszaru,19.7168149,47.5692314
382,Augsburg,10.8986971,48.3668041
383,Rákóczifalva,20.2343365,47.0898193
384,Dorog,18.731435,47.7223782
385,Cserszegtomaj,17.23156,46.8058869
386,SALZBURG,13.0464806,47.7981346
387,Kunszentmiklós,19.1234855,47.0257098
388,Tar,24.991639,-28.8166236
389,Neckarsulm,9.2248391,49.191133
390,Cserkeszõlõ,20.195096,46.8675023
391,Frankfurt Am Main,8.6820917,50.1106444
392,Mindszent,20.186003,46.524022
393,Monor,19.4468404,47.3527433
394,Bátaszék,18.7241126,46.1933095
395,Máriapócs,22.0258708,47.8793156
396,Márkó,17.8144133,47.1211315
397,Püspökladány,21.1122524,47.3196043
398,Albertirsa,19.6127835,47.2457295
399,Zalaszentgrót,17.0790205,46.9438023
400,Ajka,17.5587276,47.1056579
401,Grenoble,5.7357819,45.1875602
402,Weiz,15.6221694,47.2174206
403,Szécsény,19.5206814,48.0802507
404,Sármellék,17.1682755,46.7080843
405,Ecséd,19.7728816,47.7323069
406,Bag,19.4792099,47.6337331
407,Giessen,8.6742306,50.5862066
408,Zagreb,15.962231476593626,45.84264135
409,Maribor,15.6455854,46.5576439
410,Almere,5.2210432,52.3657098
411,Százhalombatta,18.918048971430416,47.2996362
412,Enns,14.4793948,48.2141482
413,Kolding,9.47905,55.4894999
414,Kétsoprony,20.883979,46.7191754
415,Balkány,21.8601316,47.770088
416,Murau,14.225504559328828,47.11958265
417,Bern,7.4514512,46.9482713
418,Düren,6.4820806,50.8031684
419,Õriszentpéter,16.4182244,46.8415658
420,Kisoroszi,19.0071715,47.8077589
421,NAGYKANIZSA,16.9923923,46.4548261
422,Ábrahámhegy,17.5714996,46.8147826
423,Krems an der Donau,15.60631866409324,48.409809300000006
424,Blackpool,-3.0509812,53.8179442
425,Nagykõrös,19.7863141,47.0374257
426,Csongrád,20.1531646,46.7096643
427,Braintree,-71.0041229,42.2205956
428,Maastricht,5.6969881818221095,50.85798545
429,Devecser,17.4364185,47.104052
430,SZOLNOK,20.1946279,47.1753833
431,Bonn,7.10066,50.735851
432,Merano,11.1594185,46.6695547
433,Csákvár,18.464064,47.3918045
434,Wiener Neudorf,16.318448723546133,48.0885947
435,Visegrád,18.9703373,47.7845811
436,Mödling,16.2833526,48.0855922
437,Landeck,10.555680223492256,47.1274736
438,Nyékládháza,20.8305698,47.9922271
439,Törökszentmiklós,20.409153,47.1793568
440,Deggendorf,13.0006423,48.7814115
441,Bremen,8.8071646,53.0758196
442,Görcsöny,18.1354282,45.9696057
443,Bergen Op Zoom,4.2871541,51.4944756
444,Klagenfurt,14.3075976,46.623943
445,Wiesbaden,8.2416556,50.0820384
446,Midwolda,7.0125572,53.1949575
447,Bolzano,11.23021287087526,46.655945450000004
448,Rugby,-1.2620038,52.3726682
449,Northampton,-0.9028072768185829,52.23433665
450,Leonberg,9.0150026,48.8012983
451,Essen,7.0158171,51.4582235
452,Ludwigsburg,9.1895147,48.8953937
453,Cham,6.8727506,45.9246705
454,linz,14.286198,48.3059078
455,Tiszalúc,21.0630541,48.0345861
456,Pócsmegyer,19.0956199,47.7158378
457,Nice,7.2683912,43.7009358
458,Hajdúhadház,21.6691853,47.6844833
459,Mecseknádasd,18.4645171,46.2244052
460,Görcsönydoboka,18.6273869,46.0708022
461,Tamási,18.2850331,46.6293978
462,Hortobágy,21.1525371,47.5826139
463,Zirc,17.8718188,47.2613795
464,Zell am See,12.7963165,47.3239636
465,Öhringen,9.5024397,49.2005034
466,Sankt Gallen,9.3765878,47.4250593
467,Vecsés,19.2650378,47.4095417
468,Bõcs,20.9716444,48.0385461
469,Coesfeld,7.1691108,51.9458943
470,Bátonyterenye,19.8272105,47.9955532
471,Kurityán,20.6258433,48.3101976
472,Ort Im Innkreis,13.4337442,48.3154945
473,Hannover,9.7385532,52.3744779
474,Csávoly,19.1441018,46.194385
475,Wuppertal,7.1780374,51.264018
476,Landshut,12.1516551,48.536217
477,Tiszalök,21.3749662,48.0171761
478,Kistarcsa,19.2636378,47.5447322
479,Brno,16.6113382,49.1922443
480,Schönberg,10.4318363,53.6781808
481,Encs,21.1222112,48.3305743
482,Csengersima,22.7303134,47.8660813
483,Derecske,21.5709171,47.3539466
484,Chemnitz,12.9252977,50.8322608
485,Freiburg,7.8494005,47.9960901
486,Lindau,9.6926624,47.550753
487,Tass,19.0321758,47.0200511
488,Iregszemcse,18.183599,46.6930094
489,Bicske,18.6358046,47.4907066
490,Zomba,35.3268273,-15.3863208
491,Harc,10.69489239078069,51.724937600000004
492,Rastatt,8.2088088,48.8574209
493,Siklós,18.2983821,45.8521446
494,Komárno,18.1298249,47.7574079
495,Csabacsûd,20.6504324,46.8249806
496,Abda,17.5409829,47.6976818
497,Parndorf,16.8608307,47.9973956
498,Hõgyész,18.4187415,46.4957481
499,Waiblingen,9.3305129,48.8425793
500,Bregenz,9.7472924,47.5025779
501,Neuching,11.8355084,48.2431499
502,Bazenheid,9.0683537,47.4106386
503,Szamosangyalos,22.6543772,47.8728035
504,Langen,8.6671682,49.9927036
505,Mezõhegyes,20.8194076,46.3139611
506,Gyõrtelek,22.4406866,47.9284221
507,Utrecht,5.12768396945229,52.080985600000005
508,Manchester,-2.2451148,53.4794892
509,Bludenz,9.8219314,47.153037
510,Alsópáhok,17.1738982,46.7613162
511,Mayrhofen,11.8638664,47.1672188
512,St Albans,-0.3379675,51.753051
513,Birmingham,-1.9026911,52.4796992
514,Kondoros,20.7950557,46.7599676
515,Kunszentmárton,20.2908813,46.8399054
516,Schwechat,16.5848987032657,48.10499675
517,Padova,11.8734455,45.4077172
518,Nagyigmánd,18.076194,47.6350173
519,Kitzbühel,12.3911473,47.4463585
520,Warszawa,21.0067249,52.2319581
521,Isaszeg,19.4017001,47.5303335
522,Kozármisleny,18.2860822,46.0487525
523,Füssen,10.6977089,47.5709212
524,Twist,7.0947959,52.6474242
525,Alpirsbach,8.4033079,48.3456021
526,Marseille,5.3699525,43.2961743
527,Lienz,12.750316209629112,46.82958615
528,Örkény,19.4309024,47.1297585
529,Memmingen,10.181319,47.9867696
530,Cannes,7.0134418,43.5515198
531,Straubing,12.569716,48.8819801
532,Alsózsolca,20.8819968,48.0703015
533,Cece,18.6284199,46.7705943
534,Ibrány,21.7102156,48.122594
535,Nagycenk,16.6977433,47.6034133
536,Bugyi,19.1490336,47.221978
537,Heves,20.1714412,47.7884409
538,Battonya,21.0218929,46.2858683
539,Geislingen an der Steige,9.8372796,48.6218033
540,WELS,-3.73893,52.2928116
541,Ráckeve,18.9436266,47.1609765
542,Magdeburg,11.6399609,52.1315889
543,Heidelberg,8.694724,49.4093582
544,Tiszaföldvár,20.2541166,46.9803541
545,Mátraszentimre,19.8798252,47.9095321
546,Aschaffenburg,9.1493636,49.9740542
547,Kópháza,16.6431637,47.6384056
548,innsbruck,11.3927685,47.2654296
549,Kraków,19.9368564,50.0619474
550,Ófehértó,22.0342724,47.9355537
551,Halle an der Saale ,11.9872325,51.4775111
552,Badacsonytördemic,17.4736857,46.8120251
553,Baden,8.1390286,48.1928371
554,Fichtenau,10.213508814515738,49.06984305
555,Zánka,17.6833856,46.8729306
556,Aylesbury,-0.8130383,51.8161412
557,Ibafa,17.9171799,46.1549405
558,Vásárosdombó,18.132263,46.305546
559,Tárnok,18.8660065,47.3668787
560,Nyírjákó,22.0745973,48.0289984
561,Horsham,-0.3295028,51.0630273
562,Egyek,20.8881462,47.6314647
563,Szigliget,17.4331745,46.8014362
564,Ajak,22.0522301,48.1778501
565,Szabadszállás,19.2225016,46.8752316
566,Reutlingen,9.2114144,48.4919508
567,Bánk,19.1735916,47.9258885
568,Szada,19.3116981,47.6363332
569,Siegen,8.0227233,50.8749804
570,Páty,18.8271695,47.5154504
571,Úny,18.7389954,47.6430359
572,Trogir,16.2497163,43.5164142
573,Zemplénagárd,22.0689609,48.3625237
574,Szabadkígyós,21.0760273,46.6012074
575,Kiskõrös,19.2836756,46.6206925
576,Konstanz,9.1750718,47.659216
577,Aberdeen,-2.0928095,57.1482429
578,Taliándörögd,17.5687983,46.9794529
579,Beregdaróc,22.5309278,48.1970929
580,Metz,6.1763552,49.1196964
581,Pócsa,18.4704151,45.9094142
582,Tiszabecs,22.8118061,48.0958244
583,Târgu Secuiesc,26.1373615,46.0007042
584,Sarkad,21.3836478,46.7422871
585,Dunavecse,18.9716536,46.9163658
586,Ártánd,21.7598886,47.1237274
587,Talmassons,13.1170643,45.9295576
588,Fonyódliget,17.5934117,46.7525479
589,Szentbékkálla,17.5645791,46.8864519
590,Rottenburg An Der Laaber,12.0282878,48.7001539
591,Baden-Baden,8.2415239,48.7580777
592,Balatonaliga,18.1721485,46.9905731
593,Balatonszéplak,18.0064877,46.8970247
594,Mándok,22.1901309,48.3221462
595,Kõröshegy,17.9005457,46.8312694
596,Vonyarcvashegy,17.3095703,46.7641925
597,Nürtingen,9.3365463,48.6265854
598,Krk,14.549668107706815,45.090195449999996
599,Makarska,17.020242,43.2939756
600,Li?ge,109.967,23.1277
601,Dubrovnik,18.094680152605108,42.64873625
602,Kiskunmajsa,19.7393121,46.4906228
603,Telkibánya,21.3544735,48.485603
604,Groningen,6.5680077,53.2190652
605,Sankt Johann,7.1961669,50.3476078
606,pápa,17.4705293,47.3261087
607,Singen,8.8348709,47.7617515
608,Hajdúsámson,21.7537139,47.5989514
609,Vodice,15.7788084,43.7602196
610,Yverdon-les-Bains,6.6409158,46.7785711
611,Rosignano Marittimo,10.4733663,43.406786
612,Kerekegyháza,19.4825067,46.9358768
613,Szigetújfalu,18.9235417,47.2332083
614,Donnersdorf,10.4186574,49.9703333
615,Roquebrune-Cap-Martin,7.4565697,43.7641047
616,regensburg,12.0974869,49.0195333
617,Livorno,10.340278678735025,42.790216599999994
618,Ercsi,18.8983773,47.2519697
619,Felsõzsolca,20.8605401,48.1041003
620,Strasbourg,7.7507127,48.584614
621,Zugló,19.1138572,47.5181354
622,kazincbarcika,20.6223251,48.2544414
623,Udine,13.2358377,46.0634632
624,Aachen,6.083862,50.776351
625,Pécel,19.3446801,47.4911201
626,Õrtilos,16.9262098,46.2814732
627,Schladming,13.6867878,47.3940415
628,Hainburg an der Donau,16.9422459,48.1466103
629,Lébény,17.3906258,47.7354942
630,Lech am Arlberg,10.1401259,47.2091173
631,Beregovo,22.6453246,48.2050985
632,Csengerújfalu,22.6213416,47.8055429
633,Koice,,
634,Ráckeresztúr,18.8340424,47.2739444
635,Duisburg,6.759562,51.434999
636,Pétfürdõ,18.1209474,47.1599702
637,Rábakecöl,17.114087,47.4322157
638,Fertõszentmiklós,16.8771779,47.5890357
639,Koblenz,7.5943951,50.3533278
640,Gammertingen,9.2157336,48.2493445
641,Lengyeltóti,17.6411039,46.6671072
642,Levelek,21.9868073,47.9654436
643,Dunajská Streda,17.6202595,47.9893751
644,Nagymaros,18.9587262,47.7891142
645,Leuven,4.7011675,50.879202
646,Abony,20.0047823,47.1887402
647,Répcelak,17.0154287,47.4195089
648,Bácsalmás,19.3319128,46.1274127
649,Kerepes,19.2869071,47.5616135
650,szarvas,20.5521466,46.8621434
651,Szögliget,20.6743042,48.5236809
652,Ócsa,19.2313617,47.3011895
653,Kishantos,18.7277165,46.975944
654,Annavölgy,18.6658768,47.6960502
655,Saint-Raphaël,1.0747165,45.3043079
656,Freising,11.7439565,48.4008273
657,£ód,2.512471457499548,43.0542733
658,Odense,10.3852104,55.3997225
659,Szajol,20.3006435,47.1757484
660,Fulda,9.6770448,50.5542328
661,DOMBÓVÁR,18.1332865,46.3778989
662,Vámosoroszi,22.6817762,47.9921273
663,Berekböszörmény,21.6835918,47.0650084
664,Gyömrõ,19.394503,47.4223375
665,Taksony,19.0623899,47.3299781
666,Offenburg,7.944378,48.4716556
667,Aalborg,9.9215263,57.0462626
668,Kaiserslautern,7.7689951,49.4432174
669,Pomáz,19.0236304,47.6468212
670,Tokod,18.6592985,47.722785
671,Klazinaveen,,
672,Nagykáta,19.7503736,47.4138187
673,Ceglédbercel,19.678569,47.2150336
674,Oszkó,16.8745229,47.0464985
675,Dunaharaszti,19.0953357,47.359976
676,Forch,8.6468061,47.3255509
677,Burton Upon Trent,-1.629917,52.802742
678,Tuzsér,22.118663,48.3434133
679,Somogyvár,17.6371282,46.59571
680,Braunschweig,10.5236066,52.2646577
681,Feldebrõ,20.2329418,47.8130478
682,Somlóvásárhely,17.3762386,47.1209505
683,Wörgl,12.07928067668956,47.48033265
684,Csurgó,17.0950874,46.2642514
685,Ve¾ký Meder,,
686,Zics,17.976123,46.6781511
687,Sofija,23.3217359,42.6977028
688,Tököl,18.9632427,47.3226787
689,Wittlich,6.88844,49.9850353
690,Letenye,16.7230843,46.433204
691,Maklár,20.413119,47.8043193
692,Körösladány,21.0774039,46.9618183
693,SZIGETVÁR,17.7993511,46.0474395
694,Rédics,16.4846742,46.6149423
695,Crailsheim,10.0720195,49.1365626
696,Freiburg Im Breisgau,7.8494005,47.9960901
697,Kisbajom,17.4897316,46.305541
698,Sopronkövesd,16.7448252,47.5447471
699,Nemesnádudvar,19.0521601,46.3392074
700,De Haan,3.040837568315692,51.26711375
701,Preston,-2.6992717,53.7593363
702,Gyomaendrõd,20.8260916,46.9358032
703,Roermond,5.9882649,51.1933903
704,Táborfalva,19.4828926,47.104349
705,Orgovány,19.476022,46.7514033
706,Stadl An Der Mur,13.983795,47.0870464
707,Baracs,18.8657761,46.913304
708,Papenburg,7.3869777,53.0898943
709,K?benhavn,,
710,Meersburg,9.2719656,47.6955538
711,Balástya,20.0140509,46.4207585
712,Noszlop,17.4582183,47.1792992
713,Tübingen,9.0535531,48.5236164
714,Thun,7.628086,46.7582827
715,Lübeck,10.684738,53.866444
716,Mogyoród,19.2384215,47.5986636
717,Jósvafõ,20.5525283,48.482384
718,Neumünster,9.9815377,54.0757442
719,Neuburg an der Donau,11.1795268,48.7371951
720,Rábafüzes,16.2894564,46.98178
721,Sellye,17.8514053,45.8735444
722,Derekegyház,20.3559703,46.5821452
723,Homokszentgyörgy,17.5689682,46.115998
724,Panyola,22.3956854,48.0441881
725,Bressanone,11.657792,46.716413
726,Perkupa,20.6905495,48.4707905
727,Ásotthalom,19.7840754,46.2001125
728,Hédervár,17.4579729,47.8317006
729,Sibiu,24.1519202,45.7973912
730,Hidasnémeti,21.2287776,48.5002675
731,Piliscsaba,18.8261229,47.6329416
732,Kaba,69.1776838,34.5260109
733,Bamberg,10.8868478,49.8916044
734,düsseldorf,6.7763137,51.2254018
735,Homokbödöge,17.5900596,47.3027172
736,Buchs,9.4764086,47.1627634
737,Aarau,8.0444448,47.3927146
738,Kadarkút,17.6140623,46.2324884
739,Stockholm,18.0710935,59.3251172
740,Osnabrück,8.047635,52.2719595
741,Mályi,20.8236937,48.0147562
742,Hengersberg,13.0515083,48.7736572
743,Wroc³aw,,
744,Zalacsány,17.097903,46.8065059
745,Mátraháza,19.9791112,47.8688912
746,Borsosberény,19.1174909,47.9763628
747,Widnau,9.6356294,47.4053426
748,Breda,4.7760237,51.5887845
749,Luxemburg,6.1296751,49.8158683
750,Mondsee,13.3500658,47.8560014
751,Putnok,20.4342869,48.2942607
752,Sajókaza,20.5842079,48.2853478
753,Zalakaros,17.1221529,46.5607855
754,Somogyszob,17.2968274,46.2929761
755,Villingen-Schwenningen,8.4945022,48.0632359
756,Pókaszepetk,16.9685234,46.9256917
757,Schweinfurt,10.233302,50.0499945
758,Lviv,24.0315921,49.841952
759,Tetétlen,21.3040955,47.3136847
760,Nova,16.6779487,46.6851951
761,Beograd,20.4568974,44.8178131
762,Söpte,16.6509297,47.2818913
763,Herceghalom,18.7448861,47.496236
764,Rostock,12.1286127,54.0924445
765,Traunstein,12.6423403,47.8701474
766,Backnang,9.4306304,48.9466497
767,Bátorove Kosihy,18.4088219,47.8279363
768,Nagybátony,19.8204379,47.9766437
769,Páka,16.6494169,46.5933335
770,Vácrátót,19.2363045,47.7094372
771,Gallspach,13.8144644,48.2073222
772,Optina Kanjia,,
773,Soltvadkert,19.3942728,46.5820205
774,Wiernsheim,8.898631,48.8854377
775,Lyon,4.8320114,45.7578137
776,Marbella,-4.88562,36.508976
777,Zalaszentlászló,17.1121849,46.8757689
778,Tataháza,19.3012323,46.1753439
779,Nyírtelek,21.6314008,48.0102668
780,Tótvázsony,17.7874287,47.0083012
781,Tab,-92.48312213241397,17.95078635
782,Osijek,18.6953685,45.5548793
783,Medgyesegyháza,21.0280887,46.4981379
784,Herend,17.7523356,47.1328461
785,Nickelsdorf,17.0661763,47.9403019
786,Alsószuha,20.5041618,48.37244
787,Bikal,18.2848108,46.331567
788,Szentantalfa,17.6739932,46.9121817
789,Csákánydoroszló,16.5046293,46.9752457
790,Graben,10.8220308,48.1890811
791,Radom,21.1541546,51.4022557
792,East Grinstead,-0.0117661,51.1322179
793,Gyál,19.2173066,47.3845453
794,Aarhus,10.2134046,56.1496278
795,Opatija,14.3067834,45.3349238
796,Múcsony,20.680282,48.2697977
797,Paderborn,8.764869778177559,51.71895955
798,Bologna,11.3426327,44.4938203
799,Lisboa,-9.1365919,38.7077507
800,Madrid,-3.7035825,40.4167047
801,Radolfzell am Bodensee,8.9702755,47.7372802
802,Poznañ,16.91973259178088,52.4006632
803,Nagymányok,18.459239,46.2824922
804,Bodrogolaszi,21.5176284,48.2876507
805,Tolna,18.5050005,46.4883447
806,Tiszakécske,20.1045358,46.9315289
807,Cambridge,0.1186637,52.2055314
808,Balatonrendes,17.5857978,46.8273773
809,Euskirchen,6.7871219,50.6612623
810,Nagyér,20.7292276,46.3703731
811,Dorfen,12.1530097,48.2746357
812,Nagyoroszi,19.0913026,48.0038821
813,Pilis,19.5467411,47.2860696
814,Erlangen,11.0056,49.5928616
815,kassel,9.4924096,51.3154546
816,Martonvásár,18.7687291,47.3299049
817,balatonfüred,17.888892,46.9567254
818,Poreè,-1.9169536,48.5085099
819,Malomsok,17.3946156,47.4522052
820,Bremerhaven,8.5851945,53.5505392
821,Pásztó,19.6998353,47.9210914
822,BERLIN,13.3888599,52.5170365
823,Altenmünster,10.590822,48.4646548
824,Bãile Tu?nad,,
825,Vaja,22.1715133,47.9990668
826,Petneháza,22.0812431,48.0571832
827,kapolcs,17.6089272,46.9559035
828,füzesabony,20.4142673,47.7485389
829,Palmanova,13.3099318,45.9054635
830,Szár,18.5185002,47.4787964
831,Dunavarsány,19.0661045,47.2789632
832,Lajoskomárom,18.337205,46.8417783
833,Szatymaz,20.0415788,46.3416797
834,Paasau,,
835,Rábahídvég,16.7413621,47.0723786
836,Tényõ,17.6456212,47.5406578
837,Amstetten,14.82592060463179,48.0999102
838,diar,77.2040363,31.8500225
839,Lunca de Jos,22.8873271,46.3682741
840,Tákos,22.4273407,48.1539033
841,Balatonszepezd,17.6637569,46.8518266
842,keszthely,17.2462801,46.7675081
843,hódmezõvásárhely,20.3196068,46.4171344
844,Nyírtass,22.0230588,48.1157169
845,Neunkirchen,6.5564888,49.3533493
846,Balatonöszöd,17.8002219,46.8069464
847,Mártély,20.238383,46.468773
848,Kisharsány,18.3640137,45.8597798
849,Velem,16.4938314,47.3455478
850,Rudabánya,20.6224508,48.373781
851,Szászvár,18.3783088,46.2744086
852,Beremend,18.4345572,45.7847076
853,Komádi,21.4898649,47.0013391
854,Walzbachtal,8.5951975,49.0234631
855,Felsõtárkány,20.4143577,47.9720171
856,Bad Wörishofen,10.5921263,48.0059852
857,Boll?ne,3.0855479,45.7759805
858,Kál,35.5272854,54.4382773
859,Tisztaberek,22.7926265,47.9600367
860,Erdõbénye,21.3556318,48.2665311
861,Lánycsók,18.6236136,46.0048239
862,Malmö,13.0001566,55.6052931
863,Plattling,12.8750665,48.7772562
864,Paralia,22.5961213,40.2675612
865,Dobogókõ,18.8962014,47.7193842
866,Nagymágocs,20.4811682,46.5834517
867,Pilisszentiván,18.8969359,47.6095461
868,Vámospércs,21.8987164,47.5267293
869,Speyer,8.433615,49.3165553
870,Starigrad-Paklenica,15.4533443,44.2500603
871,Enying,18.2449727,46.9269341
872,Thessaloniki,22.9352716,40.6403167
873,ibenik,,
874,békéscsaba,21.0985425,46.6798003
875,Csemõ,19.697672,47.1183779
876,Pleven,24.6180123,43.409022
877,Gyulafirátót,17.9489852,47.1444169
878,Pannonhalma,17.7541679,47.5502015
879,Oberwart,16.2124214,47.2861513
880,Rab,17.6346815,47.687609
881,Miercurea Ciuc,25.8026675,46.3614042
882,Tét,17.5166682,47.5159522
883,Jánossomorja,17.1364228,47.7859228
884,Ravenna,12.059009490863945,44.364060699999996
885,Den Helder,4.8267592494488,52.9529894
886,Vir,-0.8872594458318377,48.8517468
887,Trier,6.6441878,49.7596208
888,Sattledt,14.0581292,48.0702992
889,Chur,9.5264904,46.854747
890,Mulhouse,7.3389937,47.7467233
891,Solymár,18.9284943,47.5913333
892,Nijmegen,5.838960628748229,51.842574850000005
893,Kaszaper,20.8232128,46.4578045
894,Balatonújlak,17.383049,46.6759752
895,Altenahr,6.9920517,50.5169469
896,Leeds,-1.5437941,53.7974185
897,Meggenhofen,13.7946825,48.1801743
898,Preitenegg,14.9238752,46.9385944
899,Bruneck,11.9355121,46.7963194
900,Flensburg,9.4333264,54.7833021
901,Portogruaro,12.8374571,45.775598
902,Aschersleben,11.462134,51.7559549
903,Baden bei Wien,16.2334951,48.0085749
904,Braunau Am Inn,13.039506,48.253136
905,Chamonix-Mont-Blanc,6.8727506,45.9246705
906,Sajóvelezd,20.4614174,48.2731652
907,Aggtelek,20.5054283,48.4675104
908,Heidenheim an der Brenz,10.152923,48.6767637
909,Keszü,18.1918084,46.0169618
910,Jászapáti,20.1404245,47.5137235
911,KLAGENFURT,14.3075976,46.623943
912,GYULA,21.2747575,46.6438656
913,Mezõkovácsháza,20.9236006,46.4073383
914,Wertheim,9.5155411,49.7614982
915,Szihalom,20.4815867,47.7748385
916,Gaspoltshofen,13.7351465,48.1438731
917,Olten,7.903787,47.3496571
918,Káptalanfa,17.3441292,47.0658851
919,Bodrogkeresztúr,21.3606584,48.15876
920,Novi Sad,19.8451756,45.2551338
921,Gerjen,18.9032424,46.493611
922,Fürth,10.9893626,49.4772475
923,Landau In Der Pfalz,8.1123441,49.1982825
924,Fürstenfeldbruck,11.2382125,48.1813797
925,Tolcsva,21.4490584,48.2827761
926,Assling,12.633868937376462,46.798979700000004
927,Dettenhausen,9.0983623,48.6084636
928,Eisenstadt,16.536215864955643,47.83875775
929,Környe,18.3318516,47.5475792
930,Egerszalók,20.3238326,47.8702335
931,Simontornya,18.5435129,46.756962
932,Vállaj,22.382185,47.7641624
933,Geszteréd,21.7782735,47.7645074
934,Oldenburg,8.2146017,53.1389753
935,Nagyvázsony,17.6984864,46.9835252
936,Apátfalva,20.5746455,46.1768429
937,Felsõörs,17.9526151,47.0151318
938,Dijon,5.0414701,47.3215806
939,Sulzbach-Laufen,9.860761161655011,48.95900115
940,Göppingen,9.6541116,48.7031377
941,dunaharaszti,19.0953357,47.359976
942,Emsdetten,7.5301756,52.174687
943,Friedrichshafen,9.4800858,47.6500279
944,Potsdam,13.0591397,52.4009309
945,Schärding,13.4318,48.4569975
946,Bochum,7.2196635,51.4818111
947,Wetzikon,8.7980939,47.3226925
948,Gyöngyöspata,19.7903391,47.8146817
949,Vatta,20.7402717,47.9223781
950,Kisrákos,16.5011229,46.8576511
951,Calais,1.8538446,50.9524769
952,Oss,5.532083610932192,51.778354199999995
953,Barnag,17.7471209,46.9796133
954,Mühldorf am Inn ,12.5250991,48.2405007
955,Ravensburg,9.612468,47.7811014
956,Borsodgeszt,20.6932303,47.9576367
957,Börcs,17.5007155,47.6850359
958,Tordas,18.7527252,47.344615
959,Waging Am See,12.7341255,47.9335806
960,Kapfenberg,15.2901669,47.4405481
961,Mikóháza,21.5907716,48.4651541
962,Hof,11.9178807,50.3219015
963,Nadap,18.6174895,47.2579935
964,Miesbach,11.8335417,47.790025
965,Baranya,18.1669246,45.9714436
966,Liezen,14.212568375549036,47.5070965
967,Szentjakabfa,17.6760662,46.9340098
968,Dabas,19.3229242,47.1729302
969,Kiel,10.135555,54.3227085
970,Donauwörth,10.7807299,48.7180364
971,Deszk,20.2378885,46.218246
972,Zalakomár,17.1756684,46.5463542
973,Bad Leonfelden,14.2930689,48.5226514
974,Rajka,17.1960871,47.997068
975,Pichl Bei Wels,13.9007289,48.1851073
976,Schüpfen,7.3778982,47.0394266
977,Waldkraiburg,12.4044209,48.2058812
978,Optina Zrenjanin,,
979,Kolozsvár,23.5899542,46.769379
980,Sovata,25.07328,46.5971683
981,Dormánd,20.4183893,47.7215281
982,Sárbogárd,18.6196247,46.8874371
983,Wolfratshausen,11.4266377,47.9104632
984,Fertõrákos,16.6527782,47.7161504
985,Szakoly,21.901328,47.7616355
986,Besnyõ,18.7935179,47.1915588
987,Gönyü,17.8279231,47.7331432
988,Gumpoldskirchen,16.2778213,48.0454352
989,Dingolfing,12.4977434,48.6300801
990,Zug,8.5539378,47.1486137
991,ingolstadt,11.4250395,48.7630165
992,Verõce,17.3853058,45.8331834
993,Sándorfalva,20.1042174,46.3657365
994,Vipiteno,11.4319398,46.8963235
995,Früstenfeld,,
996,Hausach,8.174972,48.2836305
997,Tiocu de Sus,23.6484974,47.0761764
998,Landsberg Am Lech,10.8737728,48.0514973
999,Ried Im Innkreis,13.48839,48.2085868
1000,Mattighofen,13.1503106,48.1030792
1001,Nagybörzsöny,18.8243865,47.9360037
1002,San Don? Di Piave,,
1003,Neenstetten,10.0206891,48.5465768
1004,Zakopane,19.950659,49.2969446
1005,Kunágota,21.0489809,46.4233892
1006,Tunyogmatolcs,22.4582423,47.9706517
1007,Algyõ,20.2083596,46.3353787
1008,Starnberg,11.3508972,48.0001038
1009,ózd,20.2954986,48.2196425
1010,Münster,7.6251879,51.9625101
1011,Bordány,19.9216744,46.3216659
1012,Lindry,3.4189,47.8006
1013,Dornbirn,9.7423875,47.413631
1014,Hejõkeresztúr,20.8838645,47.9617366
1015,Becsehely,16.7916533,46.4476173
1016,Zsira,16.6807707,47.4560444
1017,Nagycserkesz,21.5534409,47.9641355
1018,Izsák,19.3595369,46.800917
1019,Brescia,10.4258729694612,45.77958045
1020,Lorsch,8.5682813,49.6546967
1021,Berg,7.1572261,48.8986773
1022,Almásháza,17.0473307,46.8425257
1023,Neuss,6.6916476,51.1981778
1024,Dillingen Saar,6.7243197,49.3552721
1025,Óbecse,20.0490085,45.6153745
1026,Püspökszilágy,19.3154773,47.7402533
1027,Ópályi,22.3223431,47.995763
1028,Mindszentkálla,17.5528425,46.8743096
1029,Inárcs,19.3291422,47.260939
1030,Ansfelden,14.2892608,48.2090744
1031,Enzesfeld,16.1852559,47.9208029
1032,Liverpool,-2.99168,53.4071991
1033,Sautens,10.856465236047693,47.1995347
1034,Mukacsevo,,
1035,Leányfalu,19.0888422,47.718888
1036,Lausanne,6.6327025,46.5218269
1037,Tiszadada,21.2366013,48.030817
1038,Pálháza,21.5110813,48.4715824
1039,Cloppenburg,8.0438783,52.8461339
1040,Kesztölc,18.7970928,47.7131362
1041,Bergheim,7.3621755,48.2056672
1042,Altenmarkt Im Pongau,13.4233713,47.3783583
1043,Imst,10.700690365218966,47.275902099999996
1044,Letkés,18.776906,47.8853112
1045,Gyöngyöshalász,19.9217283,47.7417728
1046,Offenbach Am Main,8.7610698,50.1055002
1047,Breitenbrunn,10.4018695,48.1357577
1048,Hanau,8.9169797,50.132881
1049,Göstling And Der Ybbs,,
1050,Bélapátfalva,20.3485363,48.052978
1051,Kéthely,17.3933315,46.6469444
1052,BALATONLELLE,17.6965209,46.7867617
1053,Hajós,19.1172178,46.3982959
1054,Groesbeek,5.9305385,51.7741022
1055,Jönköping,14.165719,57.7825634
1056,túrovo,36.153599,50.30846
1057,Penc,19.2513708,47.8024259
1058,Toulon,5.9304919,43.1257311
1059,Waldstetten,9.8213931,48.7672094
1060,fertõd,16.8645834,47.6216348
1061,Nádudvar,21.1593087,47.4285575
1062,Jánoshalma,19.3235909,46.2972264
1063,tiszavasvári,21.3680532,47.956619
1064,Kreuzlingen,9.1725621,47.6464362
1065,Rimini,12.630768610516004,43.9470982
1066,Vép,16.723032,47.2308177
1067,Schwäbisch Gmünd,9.7977584,48.7999036
1068,Mengkofen,12.4406271,48.7198958
1069,Heerenveen,5.923148795038062,52.998474200000004
1070,Brugge,3.226772,51.2085526
1071,Derby,-1.4761491,52.9212617
1072,Karácsond,20.0273463,47.7280872
1073,Edinburgh,-3.1883749,55.9533456
1074,Nottingham,-1.1496461,52.9534193
1075,Perbál,18.759802,47.5912451
1076,Coventry,-1.510477,52.4081812
1077,Riemst,5.5978716,50.8115825
1078,Sankt Anton Am Arlberg,10.2663669,47.1288996
1079,Kettering,-84.1688274,39.6895036
1080,Látrány,17.7445759,46.7484949
1081,Torino,7.6824892,45.0677551
1082,Staatz,16.4861709,48.6767592
1083,Telfs,11.071515,47.3046511
1084,Feldkirchen,11.7299205,48.1475774
1085,Sankt Leonhard Am Forst,15.302308032261687,48.13398925
1086,Dudar,17.9439276,47.31058
1087,Adács,19.9751962,47.691546
1088,Tóalmás,19.6637179,47.5095624
1089,Györköny,18.6945738,46.6345169
1090,Nagykapornak,16.9927294,46.8181906
1091,Zalãu,23.0562143,47.1819416
1092,Kiskundorozsma,20.0657989,46.2744169
1093,Suben,13.4291104,48.4106552
1094,Rád,16.994215,46.7781247
1095,Zell Am See,12.7963165,47.3239636
1096,Tahitótfalu,19.0844571,47.75434
1097,Svätý Peter,18.2628926,47.8464683
1098,Vilok,22.8378912,48.111071
1099,Soyen,12.2113356,48.1065973
1100,Markdorf,9.3917257,47.7206084
1101,Zalaszentbalázs,16.9187118,46.5878936
1102,Neufahrn bei Freising,11.6639671,48.3127714
1103,Banbury,-1.3402795,52.0601807
1104,Marghita,22.3414987,47.34662
1105,Bükfürdõ,16.7870555,47.3811618
1106,Újtikos,21.1711197,47.9165761
1107,Nyírmada,22.1877049,48.067926
1108,Biharkeresztes,21.7191678,47.1313432
1109,Lõrinci,19.6773099,47.7400504
1110,Kisbér,18.0300173,47.4992603
1111,eger,20.3743665,47.8989887
1112,Heppenheim,8.6372164,49.6408048
1113,Vésztõ,21.2598799,46.9241978
1114,Gyenesdiás,17.2860041,46.7725171
1115,Igal,17.9386708,46.5345467
1116,Gyermely,18.6439003,47.5910684
1117,Saalbach-Hinterglemm,12.593677672265624,47.3724977
1118,Poperinge,2.712323097125296,50.85275695
1119,Gheorgheni,25.5998915,46.7213467
1120,Banská Bystrica,19.1573494,48.7384028
1121,Obertauern,13.5569603,47.2494362
1122,Sölden,11.0070193,46.9673961
1123,Solothurn,7.6698284,47.31874
1124,Emmering,11.2805755,48.1807375
1125,Gräfelfing,11.4299784,48.1212042
1126,Marchtrenk,14.1117625,48.1907992
1127,Wangen Im Allgäu,9.8342247,47.6856552
1128,Zwickau,12.4939267,50.7185043
1129,Zsámbok,19.6066136,47.5431221
1130,Szentlõrinc,17.988914,46.0415605
1131,Dusnok,18.958962,46.3900215
1132,Gemer,20.3166667,48.45
1133,Sükösd,18.9958175,46.2864294
1134,Döge,22.068454,48.2587979
1135,Kerpen,6.7293316,50.3097609
1136,Stoke-On-Trent,-2.1812607,53.0162014
1137,Steinach Am Brenner,11.4665722,47.0907467
1138,Mezõkeresztes,20.6922479,47.829883
1139,Demjén,20.3335923,47.8294575
1140,Földeák,20.4932376,46.3193341
1141,Dunapataj,18.9990105,46.6442755
1142,Greven,7.6120326,52.0929254
1143,passau,13.4609744,48.5748229
1144,Winnenden,9.3978478,48.8754571
1145,Fadd,18.8252567,46.4663938
1146,Vértesszõlõs,18.3813459,47.6206061
1147,Aalen,10.0931765,48.8362705
1148,Hy?res,-80.718952,40.10505
1149,Kempten,10.3168835,47.7267063
1150,Wagrain,13.3031532,47.3336293
1151,Frankenthal,8.3540061,49.5445804
1152,Tapfheim,10.6815677,48.6722686
1153,Winterthur,8.7291498,47.4991723
1154,Grünsfeld,9.7447803,49.6082782
1155,Himesháza,18.5698349,46.0859355
1156,Köröstarcsa,21.0233046,46.8768155
1157,Poprad,20.2976401,49.0541521
1158,Wetzlar,8.5074406,50.5525346
1159,Lendava,16.4525201,46.5639399
1160,Túrkeve,20.7358057,47.1092447
1161,würzburg,9.932966,49.79245
1162,Landau in der Pfalz,8.1123441,49.1982825
1163,Váchartyán,19.2537343,47.7270056
1164,Semmering,15.8290591,47.6326545
1165,Jena,11.5879359,50.9281717
1166,Montpellier,3.8767337,43.6112422
1167,Kaposújlak,17.7259097,46.3667854
1168,Jobbágyi,19.6767845,47.8303521
1169,csongrád,20.1531646,46.7096643
1170,Fülesd,22.6755513,48.0246779
1171,Baia Mare,23.620772353105927,47.6775425
1172,Halle An Der Saale,11.9872325,51.4775111
1173,Vösendorf,16.33681024565208,48.119332150000005
1174,Schönefeld,13.5048276,52.388552
1175,Bottmersdorf,11.4323345,52.0303013
1176,Markaz,71.5455933,41.2528076
1177,Wallgau,11.283336,47.5195607
1178,érd,18.9213833,47.3772495
1179,Eging Am See,13.2714319031565,48.712394599999996
1180,Wolnzach,11.6233994,48.605186
1181,Greifenburg,13.1804131,46.7506053
1182,Weinheim,8.6717458,49.5462349
1183,Zalaszentmihály,16.949373,46.7296101
1184,Bayreuth,11.5763079,49.9427202
1185,Kremsmünster,14.128766,48.0533652
1186,Horn,7.5425933,50.0444634
1187,Alsónémedi,19.165704,47.3146713
1188,Veghel,5.5446455,51.6134636
1189,Lakitelek,20.0003712,46.8736335
1190,Feldkirch,7.2730686,47.8647485
1191,Segesd,24.7691364,46.1559115
1192,Kaposfüred,17.7590937,46.4143359
1193,salzburg,13.0464806,47.7981346
1194,Bruckmühl,11.914614,47.8828325
1195,Neufahrn Bei Freising,11.6639671,48.3127714
1196,Unterwaltersdorf,16.4307798,47.9603983
1197,Geisenfeld,11.6124731,48.683404
1198,Manching,11.4940685,48.7171356
1199,Burghausen,12.8304816,48.1689863
1200,Brixen Im Thale,12.255993906075428,47.4405676
1201,Lampertheim,7.7003567,48.6503574
1202,Cardiff,-3.1791934,51.4816546
1203,Stockerau,16.2076303,48.3846124
1204,Újkígyós,21.0249183,46.5952164
1205,Tyukod,22.5532149,47.851694
1206,Veszprémvarsány,17.8325392,47.4255427
1207,Tapsony,17.3354013,46.4535213
1208,Józsa,21.5800816,47.601987
1209,Mélykút,19.3792097,46.2151957
1210,Nagyhegyes,21.3465888,47.5385142
1211,Leinfelden-Echterdingen,9.1525725,48.6901796
1212,Gera,12.0796208,50.8772301
1213,Waghäusel,8.5337304,49.2308301
1214,Krems An Der Donau,15.60631866409324,48.409809300000006
1215,Alfdorf,9.7220876,48.8441425
1216,Pitvaros,20.7361518,46.3213012
1217,Wieselburg,15.1376585,48.1298877
1218,Denkingen,8.7386889,48.1106966
1219,Vokány,18.3362045,45.9114812
1220,Dombrád,21.9244483,48.2256872
1221,Portsmouth,-1.075614,50.8036831
1222,Leicester,-1.1331969,52.6362
1223,Thetford,0.748712,52.4156001
1224,Türkheim,10.6394156,48.0601151
1225,Baiersdorf,11.0311232,49.6568679
1226,Milton Keynes,-0.7594092,52.0406502
1227,Titisee-Neustadt,8.1735161,47.9173421
1228,Bagod,16.7437582,46.8768639
1229,Felcsút,18.5862386,47.4545349
1230,Waldshut-Tiengen,8.2408579,47.6281754
1231,Õrbottyán,19.263848,47.6827581
1232,Izsófalva,20.6531001,48.3097463
1233,Kám,16.8812037,47.1039476
1234,Füzesgyarmat,21.2106131,47.1045582
1235,Bábolna,17.9787467,47.642224
1236,Hollókõ,19.5915708,47.9974741
1237,Uzshorod,,
1238,Som,18.1397468,46.8076371
1239,Nemesvámos,17.8718258,47.0548638
1240,Amberg,11.858728,49.4454211
1241,Nagyszénás,20.6727493,46.6715027
1242,Süssen,9.7586073,48.6826604
1243,Jászárokszállás,19.9786517,47.6445417
1244,Bad Saulgau,9.5010309,48.0158071
1245,Melk,15.3369992,48.2272068
1246,Bad Salzungen,10.2320784,50.812318
1247,Borsodnádasd,20.2453048,48.1225672
1248,Weiden in der Oberpfalz,12.1631636,49.6752749
1249,Vrhnika,14.2980772,45.9663607
1250,Csömör,19.2242144,47.5489158
1251,Sukoró,18.59782,47.2419579
1252,Neumarkt In Der Oberpfalz,11.4594662,49.279624
1253,Roosendaal,4.4561276,51.5331484
1254,Walsrode,9.5883023,52.8625395
1255,Wemding,10.7240157,48.8745463
1256,Szentmártonkáta,19.6916458,47.4440884
1257,Harka,16.602306,47.6342337
1258,Erdõkertes,19.308359,47.6702447
1259,Biharnagybajom,21.2285194,47.2123973
1260,Rohod,22.1353208,48.0274402
1261,Dörgicse,17.7236469,46.9156578
1262,Hollóháza,21.4126219,48.54166
1263,Sajószöged,20.9923296,47.9447446
1264,Ágfalva,16.5137872,47.6905324
1265,Karlsfeld,11.4676387,48.2266316
1266,Eberschwang,13.561891,48.1556913
1267,Lahr,6.2909576,49.9440252
1268,Erding,11.9076579,48.3064441
1269,memmingen,10.181319,47.9867696
1270,Abaújszántó,21.1855002,48.278706
1271,Irschenberg,11.9158893,47.8337585
1272,Zákány,16.9495974,46.2516266
1273,Berzence,17.148481,46.2059813
1274,Sótony,16.9484292,47.1961953
1275,Kisapostag,18.9329403,46.8932198
1276,Andornaktálya,20.4125987,47.8436439
1277,Jánkmajtis,22.6491719,47.9400472
1278,Völcsej,16.7629544,47.4979685
1279,Bátaapáti,18.5989117,46.2219082
1280,Wolfegg,9.7945596,47.8205362
1281,Budakalász,19.0468565,47.6192785
1282,Dömös,18.9110928,47.7636231
1283,Radeberg,13.9175257,51.1151413
1284,Bad Hersfeld,9.7068481,50.8681341
1285,Torony,16.5297139,47.2398927
1286,törökbálint,18.9130312,47.4349579
1287,Feuchtwangen,10.3313268,49.1678603
1288,Hohenaltheim,10.5346471,48.7825955
1289,Lábod,17.4540815,46.2077491
1290,Saint-Louis,-90.2428756,38.6319657
1291,Tiszaug,20.0579352,46.8516867
1292,Porcsalma,22.5682954,47.8824619
1293,Gutach,8.207600253671268,48.246400050000005
1294,Tittling,13.3806245,48.7278412
1295,Überherrn,6.7000179,49.2447709
1296,Lilienfeld,15.529481416119136,47.9880551
1297,Sajólád,20.9024877,48.0466664
1298,Lustenau,9.6599406,47.4276538
1299,Gyirmót,17.5955047,47.6357657
1300,Schwandorf,12.1092708,49.3261854
1301,Somoskõújfalu,19.8241727,48.1617834
1302,Petõfibánya,19.7019335,47.7661279
1303,Gemmingen,8.9840589,49.1566963
1304,Kelheim,11.8727886,48.9187285
1305,Tiszavárkony,20.1772149,47.0675873
1306,Wouw,4.388024,51.5224384
1307,Budafok,19.0260778,47.4275301
1308,Túrricse,22.7615558,47.9762138
1309,Ballószög,19.5695767,46.8605519
1310,Nagyberény,18.1639971,46.7982528
1311,Tokodaltáró,18.6926702,47.7321967
1312,Simbach am Inn,13.0279972,48.2663113
1313,Senta,20.0901597,45.9312407
1314,Litér,18.0076,47.099915
1315,Burladingen,9.1134689,48.2892852
1316,Sauerlach,11.6528398,47.9721357
1317,Madaras,19.2598668,46.0571305
1318,Füzérkomlós,21.4528646,48.5133139
1319,Nyirád,17.4545594,47.0054415
1320,Szendehely,19.1049747,47.8553893
1321,Pákozd,18.5437107,47.2170707
1322,Bad Gastein,13.1352653,47.1144954
1323,Neustadt An Der Orla,11.7458512,50.7364311
1324,Biograd Na Moru,15.4477635,43.9377147
1325,Suhl,10.6926437,50.6086518
1326,Tiszaszõlõs,20.7197416,47.5562623
1327,Pilisszentkereszt,18.9024298,47.6931455
1328,Böhönye,17.3863398,46.4071272
1329,Göttingen,9.9351811,51.5328328
1330,Mórahalom,19.8894811,46.2163238
1331,Mecsekpölöske,18.2111234,46.2228598
1332,Vámosújfalu,21.4503435,48.2576097
1333,Schönau Im Mühlkreis,14.7291061,48.3942053
1334,Gyulakeszi,17.4808152,46.8679104
1335,Tattendorf,16.302319,47.9589755
1336,Zebegény,18.9101541,47.8000375
1337,Soroksár,19.1233965,47.4022924
1338,Nógrád,19.5472495,47.9873616
1339,Emõd,20.8165452,47.9339466
1340,Bánréve,20.3555872,48.2971444
1341,Eplény,17.9163865,47.2078019
1342,Nyíradony,21.9053502,47.6913589
1343,Csop,55.4685488,-21.3360265
1344,Gaaden,16.20900192002023,48.04894285
1345,Magyarszék,18.1961806,46.1953947
1346,Baiersbronn,8.3720124,48.5069519
1347,Domoszló,20.1163279,47.8262949
1348,Bilbao,-2.9350039,43.2630018
1349,Esztergályhorváti,17.1083989,46.7005839
1350,Regenstauf,12.1278232,49.1239753
1351,Ybbs An Der Donau,15.0852856,48.1772445
1352,Gmunden,13.8003048,47.9185855
1353,Kiskorpád,17.6093279,46.3631367
1354,Crikvenica,14.6927906,45.1737049
1355,Bad Tölz,11.5582933,47.7610641
1356,Merzig,6.6374902,49.4427023
1357,Csesztreg,16.5151536,46.7167637
1358,Gyõrzámoly,17.5788417,47.7404316
1359,Roòava,,
1360,Sorkifalud,16.7510928,47.1306927
1361,Unterschleissheim,11.5702716,48.2730686
1362,Emstek,8.1549499,52.8339613
1363,Donovaly,19.227900267025912,48.879317799999995
1364,Sankt Leonhard Im Pitztal,10.8455997,47.0659646
1365,Budva,18.8419505,42.2885656
1366,Salzgitter,10.3593147,52.1503721
1367,Carei,22.463103917161114,47.679443500000005
1368,TATABÁNYA,18.3980308,47.5837788
1369,Köveskál,17.6056741,46.8814046
1370,Katafa,16.6294379,46.9756782
1371,Tardos,18.4449341,47.6633891
1372,Weinfelden,9.1097539,47.5669187
1373,Olaszliszka,21.4361913,48.2436306
1374,Molln,14.2572718,47.8861962
1375,Kenderes,20.6720305,47.2477469
1376,Coburg,10.964463,50.258112
1377,HódMezõvásárhely,20.3196068,46.4171344
1378,Senj,14.9030557,44.9897329
1379,Bogács,20.5314509,47.9041176
1380,Meggyeskovácsi,16.8684435,47.1627184
1381,Szárföld,17.1228148,47.5943178
1382,Davos,9.8236892,46.796198
1383,Gátér,19.957731,46.6835342
1384,Egyházasrádóc,16.6161599,47.0886895
1385,Rogoznica,15.9684694,43.537097
1386,Pincehely,18.4398335,46.6820239
1387,Pogány,18.2604675,45.9841107
1388,Zalaapáti,17.1057152,46.7391546
1389,Felsõpakony,19.2362156,47.3432696
1390,Ellwangen,10.131975,48.9615975
1391,Omi,138.0310475,36.467315
1392,Basingstoke,-1.0861976,51.262826
1393,Tilburg,5.0660616131367675,51.58561845
1394,Ancona,13.218790609151764,43.480120400000004
1395,Ozora,18.3996749,46.7527198
1396,Kápolna,20.2469695,47.7604628
1397,Pilisborosjenõ,18.9918085,47.606931
1398,Northwich,-2.5145104,53.2602539
1399,Timi?oara,,
1400,Homburg,7.3340336,49.3181673
1401,Wettenberg,8.648955,50.6372722
1402,Grabono,,
1403,Hvar,16.55652349457852,43.17389195
1404,Karancslapujtõ,19.7360841,48.1526888
1405,Marcali V Siofok,,
1406,Acsa,19.386298,47.7925337
1407,Holzkirchen,9.6796728,49.7816986
1408,Márokpapi,22.5084009,48.1486668
1409,Noszvaj,20.4753593,47.9369531
1410,Jármi,22.2519405,47.9713788
1411,Bükkszék,20.1751845,47.988871
1412,Apeldoorn,5.930077460807249,52.17957375
1413,Bak,49.8328009,40.3755885
1414,Schattendorf,16.5106398,47.7118197
1415,Sigmaringen,9.2178879,48.0855844
1416,Sindelfingen,9.0035455,48.7084162
1417,Iváncsa,18.8311498,47.1473327
1418,Sajóivánka,20.5793709,48.2661062
1419,Tarján,18.5063222,47.6088065
1420,Telford,-2.4514273,52.6780419
1421,Sarajevo,18.3866868,43.8519774
1422,Novalja,14.884472,44.5561174
1423,Desenzano del Garda,10.5389467,45.4694851
1424,Strobl,13.4835153,47.7170199
1425,Gór,16.8041843,47.3598534
1426,Huedin,23.02042744820303,46.8629674
1427,Pácin,21.8330516,48.3311165
1428,Szabadbattyán,18.3677694,47.1177414
1429,Seefeld,11.1867187,47.3289241
1430,Jezera,15.6436329,43.7864554
1431,Calw,8.7452043,48.7112108
1432,Bolton,-2.4300367,53.5782863
1433,Schwerin,11.4148038,53.6288297
1434,Felsõszölnök,16.1653928,46.8780527
1435,Bükkzsérc,20.5064046,47.9549235
1436,Tiszakürt,20.1235659,46.8849074
1437,Vát,16.7758269,47.282993
1438,Kállósemjén,21.9248578,47.8603398
1439,Bábonymegyer,18.1195573,46.7516739
1440,Roma,12.4829321,41.8933203
1441,Horvátzsidány,16.6251867,47.4108761
1442,Böblingen,9.0113444,48.684969
1443,Kelen,38.453606,15.780477
1444,Zolling,11.7727339,48.4514051
1445,paks,18.8589364,46.6229468
1446,Besenyszög,20.257149,47.2960008
1447,Alsóvadász,20.9059626,48.240538
1448,Buzsák,17.5774653,46.6487053
1449,Répáshuta,20.5271494,48.0487762
1450,Ciumani,25.5178635,46.6782885
1451,Peine,10.251904013552373,52.3117289
1452,Schönaich,9.0588276,48.6565504
1453,Ada,-83.5051704,38.8398935
1454,Grenchen,7.3967199,47.1911495
1455,Kloten,8.5861477,47.4525133
1456,Vejle,9.5333238,55.7000057
1457,Denkendorf,9.3170706,48.6956756
1458,Levél,17.1999042,47.8930868
1459,?imleu Silvaniei,,
1460,Regéc,21.3451985,48.3930678
1461,Murska Sobota,16.1655256,46.6624644
1462,Vése,17.2911965,46.4118616
1463,Szõd,19.1819507,47.7191669
1464,Osterhofen,13.0201434,48.7019635
1465,Chavornay,5.728951924496879,45.8808109
1466,Randers,10.0425957,56.4355428
1467,Albstadt,8.9991483,48.233048
1468,Adony,18.8631074,47.1208993
1469,Kisdér,18.1280499,45.9398378
1470,Pusztaszabolcs,18.7576092,47.1385777
1471,Moscow,37.6174943,55.7504461
1472,Ságvár,18.1020278,46.8373455
1473,Kecel,19.2533387,46.5237655
1474,Nyírgyulaj,22.0896587,47.882828
1475,Jenbach,11.749156910148312,47.39847155
1476,Fischen,11.1548301,47.9284858
1477,Stockach,9.0123849,47.8565551
1478,Ikrény,17.5292492,47.654032
1479,Kehidakustány,17.0943015,46.8429994
1480,Garbolc,22.8617631,47.9446307
1481,Kunfehértó,19.4132799,46.362396
1482,Walsall,-1.9822687,52.5847949
1483,Dunaszekcsõ,18.7597386,46.0849215
1484,Weimar,11.3296637,50.9810486
1485,Bruck An Der Leitha,16.75801830741043,48.030394799999996
1486,Hunya,20.8442981,46.8119535
1487,Lepsény,18.2443158,46.9943177
1488,Lengau,13.2157714,48.0057448
1489,Kirchberg in Tirol,12.3144495,47.4475913
1490,Kékkút,17.5599206,46.8506689
1491,Poroszló,20.6560717,47.6435536
1492,Kislõd,17.6217273,47.1446686
1493,Szárliget,18.4935586,47.5184474
1494,Kocsord,22.3869911,47.9390852
1495,Kömpöc,19.865514,46.4671048
1496,Hagenow,11.1904828,53.4305796
1497,Helvécia,19.6212831,46.8373932
1498,Vöcklabruck,13.6460378,48.0078587
1499,Bad Rodach,10.7785015,50.3411272
1500,Bad Säckingen,7.9495387,47.5525538
1501,Jakabszállás,19.6007791,46.7614921
1502,nyírbátor,22.1322309,47.839511
1503,Detk,20.0992971,47.7475326
1504,Hengelo,6.7924049,52.2658726
1505,Bánhorváti,20.502324,48.2258623
1506,Búcsúszentlászló,16.9308148,46.7882297
1507,Merklingen,9.7557738,48.5101058
1508,Worms,8.3620898,49.6302618
1509,Rust,16.689014287384975,47.8037042
1510,Bad Hindelang,10.3699251,47.5062921
1511,Nagyszentjános,17.8711581,47.70919
1512,ábrahámhegy,17.5714996,46.8147826
1513,Csanádapáca,20.8846149,46.5402011
1514,Flore?ti,-54.0286382,5.4886014
1515,Hockenheim,8.5475467,49.3188892
1516,Plauen,12.1346523,50.4950632
1517,Gummersbach,7.5630545,51.0277658
1518,Rüsselsheim am Main,8.4118279,49.9948956
1519,Achenkirch,11.7056026,47.5276244
1520,Sinsheim,8.87722,49.2553
1521,Biel,7.2439029,47.1402077
1522,Mucsfa,18.4190576,46.3551245
1523,Salonta,21.6594011,46.8024771
1524,Hajdúdnánás,,
1525,Parád,20.0304804,47.9234507
1526,Herning,8.9746623,56.1379757
1527,Ruswil,8.126227,47.0839416
1528,Beled,17.0898826,47.4661125
1529,Vitnyéd,16.9799695,47.5871074
1530,Monorierdõ,19.4993272,47.3082881
1531,Kistokaj,20.8377742,48.0394748
1532,Kehl,7.8109768,48.5728929
1533,Burgkirchen An Der Alz,12.7307847,48.1676884
1534,Bad Neustadt An Der Saale,10.2164873,50.322637
1535,Hildesheim,9.9513046,52.1521636
1536,Csolnok,18.7175944,47.6946334
1537,gyöngyös,19.9291176,47.7799838
1538,Tiszanána,20.5292959,47.5564803
1539,Dordrecht,4.6779351,51.7958812
1540,Szabolcs,21.4954557,48.1718359
1541,Újhartyán,19.3841049,47.2200186
1542,Eggenfelden,12.7626208,48.4031909
1543,Lutherstadt Wittenberg,12.646761,51.8666527
1544,Hallbergmoos,11.7445128,48.3182064
1545,Vaskút,18.9854333,46.111566
1546,Rottweil,8.6251283,48.165531
1547,Pasching,14.2044214,48.2576453
1548,Ecser,19.3184563,47.4445025
1549,Schkeuditz,12.2216292,51.3963509
1550,Majosháza,18.9958458,47.2644792
1551,Balingen,8.8557862,48.2737512
1552,balmazújváros,21.3437378,47.6116279
1553,Niederbipp,7.6933343,47.2684936
1554,Gasztony,16.4533138,46.9645928
1555,Seewalchen Am Attersee,13.5866842,47.9539201
1556,Waalwijk,5.017307939950269,51.687337150000005
1557,Eisenach,10.3193565,50.9747134
1558,Sankt Johann Im Pongau,13.2026049,47.3475782
1559,Brighton and Hove,-0.14974689789029522,50.8453169
1560,Beverwijk,4.6603502,52.4876371
1561,Bruck An Der Mur,15.2721668,47.4121987
1562,Bischofshofen,13.2170933,47.4168029
1563,Kiefersfelden,12.188782,47.6138408
1564,Lupfig,8.2013965,47.4397165
1565,Herford,8.6711118,52.1152245
1566,Pilsting,12.6501369,48.7012409
1567,Wellingborough,-0.6937309,52.30189
1568,Tschagguns,9.87722484698465,47.0427326
1569,Kisléta,22.0034849,47.8340953
1570,Gelej,20.7733194,47.829957
1571,Nordhausen,10.7925317,51.5051574
1572,Hajmáskér,18.0142678,47.1444695
1573,Trento,11.12974249416882,46.1029536
1574,Gemzse,22.1942568,48.139532
